1,http://s3contents.chinesepod.com/0001/fe245fd3e266ff2726113b9327bd0aee7654ee67/mp3/64/rec-1188871765296-0.mp3,Good morning!,早上 好！,zǎoshang   hǎo ！
1,http://s3contents.chinesepod.com/0001/fe245fd3e266ff2726113b9327bd0aee7654ee67/mp3/64/rec-1188871765296-1.mp3,Good morning! How are you?,早上好！你好吗？,zǎoshang hǎo ！ nǐ hǎo ma ？
1,http://s3contents.chinesepod.com/0001/fe245fd3e266ff2726113b9327bd0aee7654ee67/mp3/64/rec-1188871765296-2.mp3,"I'm fine, and you?",我 很 好，你 呢？,wǒ   hěn   hǎo ， nǐ   ne ？
1,http://s3contents.chinesepod.com/0001/fe245fd3e266ff2726113b9327bd0aee7654ee67/mp3/64/rec-1188871765296-3.mp3,I'm fine too. Thanks.,我也很好。谢谢。,wǒ yě hěn hǎo 。 xièxie 。
1,http://s3contents.chinesepod.com/0002/562325eabd63bca8bbd28b223a78300aecd594a0/mp3/64/rec-1188871794000-0.mp3,Hello.,你好。,nǐhǎo 。
1,http://s3contents.chinesepod.com/0002/562325eabd63bca8bbd28b223a78300aecd594a0/mp3/64/rec-1188871794000-1.mp3,Hello. What's your name?,你好，你叫什么名字？,nǐhǎo ， nǐ jiào shénme míngzi ？
1,http://s3contents.chinesepod.com/0002/562325eabd63bca8bbd28b223a78300aecd594a0/mp3/64/rec-1188871794000-2.mp3,My name is Wang Ping. How about you?,我叫王平。你呢？,wǒ jiào wáng píng 。 nǐ ne ？
1,http://s3contents.chinesepod.com/0002/562325eabd63bca8bbd28b223a78300aecd594a0/mp3/64/rec-1188871794000-3.mp3,My name is Li Li.,我叫李丽。,wǒ jiào lǐ lì 。
1,http://s3contents.chinesepod.com/0003/428a26f10e751645839de800475443b7f3a990ca/mp3/64/rec-1188871815484-0.mp3,Are you Chinese?,你是中国人吗？,nǐ shì zhōngguórén ma ？
1,http://s3contents.chinesepod.com/0003/428a26f10e751645839de800475443b7f3a990ca/mp3/64/rec-1188871815484-1.mp3,"Yes, I am Chinese. And you?",对，我是中国人。你呢？,dùi ， wǒ shì zhōngguórén 。 nǐ ne ？
1,http://s3contents.chinesepod.com/0003/428a26f10e751645839de800475443b7f3a990ca/mp3/64/rec-1188871815484-2.mp3,I'm British.,我是英国人。,wǒ shì yīngguórén 。
1,http://s3contents.chinesepod.com/0003/428a26f10e751645839de800475443b7f3a990ca/mp3/64/rec-1188871815484-3.mp3,Welcome!,欢迎！,huānyíng ！
1,http://s3contents.chinesepod.com/0004/0ba72592cfa844130e57bb4d74da7b8680db2aab/mp3/64/rec-1188871837734-0.mp3,Do you like China?,你喜欢中国吗？,nǐ xǐhuan zhōngguó ma ？
1,http://s3contents.chinesepod.com/0004/0ba72592cfa844130e57bb4d74da7b8680db2aab/mp3/64/rec-1188871837734-1.mp3,"Yes, I like it.",喜欢。,xǐhuan 。
1,http://s3contents.chinesepod.com/0004/0ba72592cfa844130e57bb4d74da7b8680db2aab/mp3/64/rec-1188871837734-2.mp3,What do you like?,你喜欢什么？,nǐ xǐhuan shénme ？
1,http://s3contents.chinesepod.com/0004/0ba72592cfa844130e57bb4d74da7b8680db2aab/mp3/64/rec-1188871837734-3.mp3,Chinese food.,中国菜。,zhōngguó cài 。
1,http://s3contents.chinesepod.com/0005/b3ed632e06c7dfdecc1ca480012936097fb1d5b6/mp3/64/rec-1188871859031-0.mp3,"Excuse me, do you have a menu?",请问有菜单吗？,qǐng wèn yǒu càidān ma ？
1,http://s3contents.chinesepod.com/0005/b3ed632e06c7dfdecc1ca480012936097fb1d5b6/mp3/64/rec-1188871859031-1.mp3,Yes.  Please wait a moment.,有的。请稍等。,yǒu de 。 qǐng shāoděng 。
1,http://s3contents.chinesepod.com/0005/b3ed632e06c7dfdecc1ca480012936097fb1d5b6/mp3/64/rec-1188871859031-2.mp3,OK.,好的。,hǎo de 。
1,http://s3contents.chinesepod.com/0006/094035d0545f559c0d1c337b69f1c0358e32241c/mp3/64/rec-1188871879359-0.mp3,Hello. I'd like to buy some bread.,你好，我要买面包。,nǐhǎo ， wǒ yào mǎi miànbāo 。
1,http://s3contents.chinesepod.com/0006/094035d0545f559c0d1c337b69f1c0358e32241c/mp3/64/rec-1188871879359-1.mp3,OK.,好的。,hǎo de 。
1,http://s3contents.chinesepod.com/0006/094035d0545f559c0d1c337b69f1c0358e32241c/mp3/64/rec-1188871879359-2.mp3,How much is it?,多少钱？,duōshao qián ？
1,http://s3contents.chinesepod.com/0006/094035d0545f559c0d1c337b69f1c0358e32241c/mp3/64/rec-1188871879359-3.mp3,Five RMB.,5块钱。,wǔ kuài qián 。
1,http://s3contents.chinesepod.com/0024/652860f4296e73c077bc99f4e9d3d403b3002e94/mp3/64/rec-1217028624062-0.mp3,black,黑色,hēisè
1,http://s3contents.chinesepod.com/0024/652860f4296e73c077bc99f4e9d3d403b3002e94/mp3/64/rec-1217028624062-1.mp3,blue,蓝色,lánsè
1,http://s3contents.chinesepod.com/0031/9e8088355fe376f924dd44bc07d5b4476e362e5a/mp3/64/rec-1209597411906-0.mp3,Ms. Wang is British.,王小姐是英国人。,wáng xiǎojie shì yīngguórén 。
1,http://s3contents.chinesepod.com/0031/9e8088355fe376f924dd44bc07d5b4476e362e5a/mp3/64/rec-1209597411906-1.mp3,She lives in Nanjing.,她住在南京。,tā zhù zài nánjīng 。
1,http://s3contents.chinesepod.com/0031/9e8088355fe376f924dd44bc07d5b4476e362e5a/mp3/64/rec-1209597411906-2.mp3,She really likes Nanjing.,她很喜欢南京。,tā hěn xǐhuan nánjīng 。
1,http://s3contents.chinesepod.com/0031/9e8088355fe376f924dd44bc07d5b4476e362e5a/mp3/64/rec-1209597411906-12.mp3,She has a younger sister.,她有一个妹妹。,tā yǒu yī ge mèimei 。
1,http://s3contents.chinesepod.com/0031/9e8088355fe376f924dd44bc07d5b4476e362e5a/mp3/64/rec-1209597411906-14.mp3,She doesn't have an older brother.,她没有哥哥。,tā méiyǒu gēge 。
1,http://s3contents.chinesepod.com/0031/9e8088355fe376f924dd44bc07d5b4476e362e5a/mp3/64/rec-1209597411906-5.mp3,She has a boyfriend.,她有一个男朋友。,tā yǒu yī ge nánpéngyou 。
1,http://s3contents.chinesepod.com/0031/9e8088355fe376f924dd44bc07d5b4476e362e5a/mp3/64/rec-1209597411906-6.mp3,His name is John.,他叫John。,tā jiào John 。
1,http://s3contents.chinesepod.com/0031/9e8088355fe376f924dd44bc07d5b4476e362e5a/mp3/64/rec-1209597411906-7.mp3,John is American.,John是美国人。,John shì měiguórén 。
1,http://s3contents.chinesepod.com/0031/9e8088355fe376f924dd44bc07d5b4476e362e5a/mp3/64/rec-1209597411906-18.mp3,He is very good-looking.,他很好看。,tā hěn hǎokàn 。
1,http://s3contents.chinesepod.com/0031/9e8088355fe376f924dd44bc07d5b4476e362e5a/mp3/64/rec-1209597411906-9.mp3,He also lives in Nanjing.,他也住在南京。,tā yě zhù zài nánjīng 。
1,http://s3contents.chinesepod.com/0031/9e8088355fe376f924dd44bc07d5b4476e362e5a/mp3/64/rec-1209597411906-10.mp3,They're both very busy.,他们都很忙。,tāmen dōu hěn máng 。
1,http://s3contents.chinesepod.com/0033/489e54ca1288e396da36cb68355893ffbef2332c/mp3/64/rec-1183011452125-0.mp3,"Waiter, the bill.",服务员，买单。,fúwùyuán ， mǎidān 。
1,http://s3contents.chinesepod.com/0033/489e54ca1288e396da36cb68355893ffbef2332c/mp3/64/rec-1183011452125-1.mp3,"Let me get this, OK?",我来付，好吗？,wǒ lái fù ， hǎo ma ？
1,http://s3contents.chinesepod.com/0033/489e54ca1288e396da36cb68355893ffbef2332c/mp3/64/rec-1183011452125-2.mp3,No way.  Give me face. I’ll pay.,不行。给我面子，我来付钱。,bùxíng 。 gěi wǒ miànzi ， wǒ lái fùqián 。
1,http://s3contents.chinesepod.com/0033/489e54ca1288e396da36cb68355893ffbef2332c/mp3/64/rec-1183011452125-3.mp3,That’s not OK. You pay next time.,不可以。下次你付。,bù kěyǐ 。 xiàcì nǐ fù 。
1,http://s3contents.chinesepod.com/0033/489e54ca1288e396da36cb68355893ffbef2332c/mp3/64/rec-1183011452125-4.mp3,(groan),哎哟。,āiyōu 。
1,http://s3contents.chinesepod.com/0037/b27d15e3f74b66a87118f36fa9a17b137f9b12f5/mp3/64/rec-1216764764375-0.mp3,hello,你好,nǐhǎo
1,http://s3contents.chinesepod.com/0037/b27d15e3f74b66a87118f36fa9a17b137f9b12f5/mp3/64/rec-1216764764375-1.mp3,bye,再见,zàijiàn
1,http://s3contents.chinesepod.com/0037/b27d15e3f74b66a87118f36fa9a17b137f9b12f5/mp3/64/rec-1216764764375-2.mp3,thanks,谢谢,xièxie
1,http://s3contents.chinesepod.com/0037/b27d15e3f74b66a87118f36fa9a17b137f9b12f5/mp3/64/rec-1216764764375-3.mp3,no worries,没关系,méi guānxi
1,http://s3contents.chinesepod.com/0037/b27d15e3f74b66a87118f36fa9a17b137f9b12f5/mp3/64/rec-1216764764375-4.mp3,we,我们,wǒmen
1,http://s3contents.chinesepod.com/0037/b27d15e3f74b66a87118f36fa9a17b137f9b12f5/mp3/64/rec-1216764764375-5.mp3,dim sum,点心,diǎnxīn
1,http://s3contents.chinesepod.com/0042/5c3131131c4d015bacf9c0d27fdf58b03034b5ee/mp3/64/rec-1220121208187-0.mp3,What do you want to eat? (Do you) want fish?,你想吃什么？要不要吃鱼？,nǐ xiǎng chī shénme ？ yàobuyào chī yú ？
1,http://s3contents.chinesepod.com/0042/5c3131131c4d015bacf9c0d27fdf58b03034b5ee/mp3/64/rec-1220121208187-1.mp3,I don’t like fish very much. I want to eat sweet and sour pork.,我不太喜欢鱼。我想吃咕咾肉。,wǒ bùtài xǐhuan yú 。 wǒ xiǎng chī gūlǎoròu 。
1,http://s3contents.chinesepod.com/0042/5c3131131c4d015bacf9c0d27fdf58b03034b5ee/mp3/64/rec-1220121208187-2.mp3,No problem. (Do you) want to eat fried rice?,好。想不想吃炒饭？,hǎo 。 xiǎngbuxiǎng chī chǎofàn ？
1,http://s3contents.chinesepod.com/0042/5c3131131c4d015bacf9c0d27fdf58b03034b5ee/mp3/64/rec-1220121208187-3.mp3,Fried rice is fine. (Is there) have any soup?,炒饭可以。有汤吗？,chǎofàn kěyǐ 。 yǒu tāng ma ？
1,http://s3contents.chinesepod.com/0042/5c3131131c4d015bacf9c0d27fdf58b03034b5ee/mp3/64/rec-1220121208187-4.mp3,There is vegetable soup.,有蔬菜汤。,yǒu shūcài tāng 。
1,http://s3contents.chinesepod.com/0044/e9927811a672d8d90d10160e9cb1b3a66e7ce6ca/mp3/64/rec-1216764974015-0.mp3,dumplings,饺子,jiǎozi
1,http://s3contents.chinesepod.com/0044/e9927811a672d8d90d10160e9cb1b3a66e7ce6ca/mp3/64/rec-1216764974015-1.mp3,egg rolls,蛋卷,dànjuǎn
1,http://s3contents.chinesepod.com/0044/e9927811a672d8d90d10160e9cb1b3a66e7ce6ca/mp3/64/rec-1216764974015-2.mp3,spring rolls,春卷,chūnjuǎn
1,http://s3contents.chinesepod.com/0044/e9927811a672d8d90d10160e9cb1b3a66e7ce6ca/mp3/64/rec-1216764974015-30.mp3,barbecue spare ribs,叉烧,chāshāo
1,http://s3contents.chinesepod.com/0044/e9927811a672d8d90d10160e9cb1b3a66e7ce6ca/mp3/64/rec-1216764974015-39.mp3,egg drop soup,蛋花汤,dànhuātāng
1,http://s3contents.chinesepod.com/0044/e9927811a672d8d90d10160e9cb1b3a66e7ce6ca/mp3/64/rec-1216764974015-26.mp3,beef with oyster sauce,蚝油牛肉,háoyóuníuròu
1,http://s3contents.chinesepod.com/0044/e9927811a672d8d90d10160e9cb1b3a66e7ce6ca/mp3/64/rec-1216764974015-6.mp3,Beijing duck,北京烤鸭,běijīng kǎoyā
1,http://s3contents.chinesepod.com/0044/e9927811a672d8d90d10160e9cb1b3a66e7ce6ca/mp3/64/rec-1216764974015-7.mp3,pork strips,木须肉,mùxūròu
1,http://s3contents.chinesepod.com/0044/e9927811a672d8d90d10160e9cb1b3a66e7ce6ca/mp3/64/rec-1216764974015-38.mp3,fried noodles,炒面,chǎomiàn
1,http://s3contents.chinesepod.com/0046/ad6d575cf497575268c989c740579e8724e53b1a/mp3/64/rec-1220125120765-0.mp3,What do you like to do on the weekends?,你周末喜欢做什么？,nǐ zhōumò xǐhuan zuò shénme ？
1,http://s3contents.chinesepod.com/0046/ad6d575cf497575268c989c740579e8724e53b1a/mp3/64/rec-1220125120765-1.mp3,On the weekends? I like to stay at home and rest. How about you?,周末吗？我喜欢在家里休息。你呢？,zhōumò ma ？ wǒ xǐhuan zài jiālǐ xīuxi 。 nǐ ne ？
1,http://s3contents.chinesepod.com/0046/ad6d575cf497575268c989c740579e8724e53b1a/mp3/64/rec-1220125120765-2.mp3,I like to go out with friends. We are going to a bar tonight.,我喜欢和朋友出去，我们今天晚上去酒吧。,wǒ xǐhuan hé péngyou chūqù ， wǒmen jīntiān wǎnshang qù jǐubā 。
1,http://s3contents.chinesepod.com/0047/4d76a31dac9b7b35447547bdbd60a666657657d9/mp3/64/rec-1216765781453-0.mp3,Are you studying Chinese?,你在学中文吗？,nǐ zài xué zhōngwén ma ？
1,http://s3contents.chinesepod.com/0047/4d76a31dac9b7b35447547bdbd60a666657657d9/mp3/64/rec-1216765781453-1.mp3,"Yes, I'm studying in university.",对，我在大学学习。,dùi ， wǒ zài dàxué xuéxí 。
1,http://s3contents.chinesepod.com/0047/4d76a31dac9b7b35447547bdbd60a666657657d9/mp3/64/rec-1216765781453-2.mp3,Is studying Chinese difficult?,学中文难不难？,xué zhōngwén nán bu nán ？
1,http://s3contents.chinesepod.com/0047/4d76a31dac9b7b35447547bdbd60a666657657d9/mp3/64/rec-1216765781453-3.mp3,"I think speaking is fine, but writing is very difficult.",我觉得说还可以，写很难。,wǒ juéde shuō hái kěyǐ ， xiě hěn nán 。
1,http://s3contents.chinesepod.com/0050/e55553656055c264d57245b4dd8d9e02337cb5d5/mp3/64/rec-1209935821203-0.mp3,"Excuse me miss, where are the taxis?",小姐，请问哪里有出租车？,xiǎojie ， qǐng wèn nǎli yǒu chūzūchē ？
1,http://s3contents.chinesepod.com/0050/e55553656055c264d57245b4dd8d9e02337cb5d5/mp3/64/rec-1209935821203-1.mp3,They are ahead.,在前面。,zài qiánmiàn 。
1,http://s3contents.chinesepod.com/0050/e55553656055c264d57245b4dd8d9e02337cb5d5/mp3/64/rec-1209935821203-2.mp3,"In that direction, right?",往那边，对吗？,wǎng nàbian ， dùi ma ？
1,http://s3contents.chinesepod.com/0050/e55553656055c264d57245b4dd8d9e02337cb5d5/mp3/64/rec-1209935821203-3.mp3,Right. Go straight.,对。你一直走。,dùi 。 nǐ yīzhí zǒu 。
1,http://s3contents.chinesepod.com/0051/dc46d33a41556a8e6d3e389bdbea258b49b529be/mp3/64/rec-1183011906359-0.mp3,You're really pretty.,你真漂亮。,nǐ zhēn piàoliang 。
1,http://s3contents.chinesepod.com/0051/dc46d33a41556a8e6d3e389bdbea258b49b529be/mp3/64/rec-1183011906359-1.mp3,"Thank you, you are also very handsome.",谢谢，你也很帅。,xièxie ， nǐ yě hěn shuài 。
1,http://s3contents.chinesepod.com/0051/dc46d33a41556a8e6d3e389bdbea258b49b529be/mp3/64/rec-1183011906359-2.mp3,"Well, naturally.",那当然。,nà dāngrán 。
1,http://s3contents.chinesepod.com/0051/dc46d33a41556a8e6d3e389bdbea258b49b529be/mp3/64/rec-1183011906359-3.mp3,You're really full of yourself.,你真臭美。,nǐ zhēn chòuměi 。
1,http://s3contents.chinesepod.com/0051/dc46d33a41556a8e6d3e389bdbea258b49b529be/mp3/64/rec-1183011906359-4.mp3,Hah-hah.  Are you alone?,呵呵。你一个人吗？,hēhē 。 nǐ yīgerén ma ？
1,http://s3contents.chinesepod.com/0051/dc46d33a41556a8e6d3e389bdbea258b49b529be/mp3/64/rec-1183011906359-5.mp3,"No, my friend is over there.",不是，我朋友在那儿。,bù shì ， wǒ péngyou zài nàr 。
1,http://s3contents.chinesepod.com/0053/ab6d748b12822923214b9233e708e29a99a2dfaa/mp3/64/rec-1220125875234-0.mp3,Hello.,师傅你好。,shīfu nǐhǎo 。
1,http://s3contents.chinesepod.com/0053/ab6d748b12822923214b9233e708e29a99a2dfaa/mp3/64/rec-1220125875234-1.mp3,Where do you want to go?,你要去哪里？,nǐ yào qù nǎli ？
1,http://s3contents.chinesepod.com/0053/ab6d748b12822923214b9233e708e29a99a2dfaa/mp3/64/rec-1220125875234-2.mp3,I want to go to the Palace Hotel.,我要去王府宾馆。,wǒ yào qù wáng fǔ bīnguǎn 。
1,http://s3contents.chinesepod.com/0053/ab6d748b12822923214b9233e708e29a99a2dfaa/mp3/64/rec-1220125875234-3.mp3,OK. How would you like to go?,好的，你想怎么走？,hǎo de ， nǐ xiǎng zěnme zǒu ？
1,http://s3contents.chinesepod.com/0053/ab6d748b12822923214b9233e708e29a99a2dfaa/mp3/64/rec-1220125875234-4.mp3,It’s up to you. Take the fastest way.,随便你，走最快的。,súibiàn nǐ ， zǒu zùikuài de 。
1,http://s3contents.chinesepod.com/0053/ab6d748b12822923214b9233e708e29a99a2dfaa/mp3/64/rec-1220125875234-0.mp3,Hello.,师傅你好。,shīfu nǐhǎo 。
1,http://s3contents.chinesepod.com/0053/ab6d748b12822923214b9233e708e29a99a2dfaa/mp3/64/rec-1220125875234-1.mp3,Where do you want to go?,你要去哪里？,nǐ yào qù nǎli ？
1,http://s3contents.chinesepod.com/0053/ab6d748b12822923214b9233e708e29a99a2dfaa/mp3/64/rec-1220125875234-2.mp3,I want to go to the Palace Hotel.,我要去王府宾馆。,wǒ yào qù wáng fǔ bīnguǎn 。
1,http://s3contents.chinesepod.com/0053/ab6d748b12822923214b9233e708e29a99a2dfaa/mp3/64/rec-1220125875234-3.mp3,OK. How would you like to go?,好的，你想怎么走？,hǎo de ， nǐ xiǎng zěnme zǒu ？
1,http://s3contents.chinesepod.com/0053/ab6d748b12822923214b9233e708e29a99a2dfaa/mp3/64/rec-1220125875234-4.mp3,It’s up to you. Take the fastest way.,随便你，走最快的。,súibiàn nǐ ， zǒu zùikuài de 。
1,http://s3contents.chinesepod.com/0058/a505da19f180b744f335d9bb0fe1ae0753bb1940/mp3/64/rec-1216847891968-0.mp3,Can you cook?,你会做菜吗？,nǐ hùi zuòcài ma ？
1,http://s3contents.chinesepod.com/0058/a505da19f180b744f335d9bb0fe1ae0753bb1940/mp3/64/rec-1216847891968-1.mp3,A little bit. What about you?,会一点。你呢？,hùi yīdiǎn 。 nǐ ne ？
1,http://s3contents.chinesepod.com/0058/a505da19f180b744f335d9bb0fe1ae0753bb1940/mp3/64/rec-1216847891968-2.mp3,I cook very well. My specialty is tomatoes with fried eggs.,我做得很好。我的拿手菜是番茄炒蛋。,wǒ zuò de hěn hǎo 。 wǒ de náshǒu cài shì fānqié chǎodàn 。
1,http://s3contents.chinesepod.com/0058/a505da19f180b744f335d9bb0fe1ae0753bb1940/mp3/64/rec-1216847891968-3.mp3,"Well, cook it for me next time.",那你下一次做给我吃。,nà nǐ xiàyīcì zuò gěi wǒ chī 。
1,http://s3contents.chinesepod.com/0061/bba111f5c2496696b478219f02e4ded06cc35e67/mp3/64/rec-1216851212328-0.mp3,Winter is not too cold in Shanghai this year.,上海今年冬天不太冷。,shànghǎi jīnnián dōngtiān bùtài lěng 。
1,http://s3contents.chinesepod.com/0061/bba111f5c2496696b478219f02e4ded06cc35e67/mp3/64/rec-1216851212328-1.mp3,Is that so? What is the temperature like?,是吗？温度怎么样？,shì ma ？ wēndù zěnmeyàng ？
1,http://s3contents.chinesepod.com/0061/bba111f5c2496696b478219f02e4ded06cc35e67/mp3/64/rec-1216851212328-2.mp3,It is around 15 degrees now.,现在大约十五度。,xiànzài dàyuē shíwǔ dù 。
1,http://s3contents.chinesepod.com/0061/bba111f5c2496696b478219f02e4ded06cc35e67/mp3/64/rec-1216851212328-3.mp3,Beijing is much colder.,北京冷多了。,běijīng lěng duō le 。
1,http://s3contents.chinesepod.com/0062/12222daa6ed148a93aba4380889043fb3f21aa59/mp3/64/rec-1216851726421-0.mp3,"Sir, shall we take the highway?",先生，我们走高速公路好吗？,xiānsheng ， wǒmen zǒu gāosùgōnglù hǎo ma ？
1,http://s3contents.chinesepod.com/0062/12222daa6ed148a93aba4380889043fb3f21aa59/mp3/64/rec-1216851726421-1.mp3,Why?,为什么？,wèishénme ？
1,http://s3contents.chinesepod.com/0062/12222daa6ed148a93aba4380889043fb3f21aa59/mp3/64/rec-1216851726421-2.mp3,Because the streets are very congested.,因为马路很堵。,yīnwèi mǎlù hěn dǔ 。
1,http://s3contents.chinesepod.com/0062/12222daa6ed148a93aba4380889043fb3f21aa59/mp3/64/rec-1216851726421-3.mp3,"Fine, no problem.",好，没问题。,hǎo ， méiwèntí 。
1,http://s3contents.chinesepod.com/0064/6d141659798e60704742e13a24b40692d3dbb86b/mp3/64/rec-1183011933218-0.mp3,Where did you go last night?,你昨天晚上去哪里了？,nǐ zuótiān wǎnshang qù nǎli le ？
1,http://s3contents.chinesepod.com/0064/6d141659798e60704742e13a24b40692d3dbb86b/mp3/64/rec-1183011933218-1.mp3,I was home the entire time. I didn't leave.,我一直在家，没离开。,wǒ yīzhí zàijiā ， méi líkāi 。
1,http://s3contents.chinesepod.com/0064/6d141659798e60704742e13a24b40692d3dbb86b/mp3/64/rec-1183011933218-2.mp3,You're lying. I saw you in the bar.,你说谎。我在酒吧看见你了。,nǐ shuōhuǎng 。 wǒ zài jǐubā kànjian nǐ le 。
1,http://s3contents.chinesepod.com/0064/6d141659798e60704742e13a24b40692d3dbb86b/mp3/64/rec-1183011933218-3.mp3,It wasn't me. You've made a mistake.,那不是我。你搞错了。,nà bù shì wǒ 。 nǐ gǎocuò le 。
1,http://s3contents.chinesepod.com/0065/e2f30a1324643244e7e5a33f898a6de3c42223f6/mp3/64/rec-1217625982062-0.mp3,"Sir, we’ve arrived. Are you going to use a card or cash?",先生，我们到了。您用卡还是用现金？,xiānsheng ， wǒmen dào le 。 nín yòng kǎ hái shì yòng xiànjīn ？
1,http://s3contents.chinesepod.com/0065/e2f30a1324643244e7e5a33f898a6de3c42223f6/mp3/64/rec-1217625982062-1.mp3,I will use cash. Is that ok? How much is it?,我用现金，好吗？多少钱？,wǒ yòng xiànjīn ， hǎo ma ？ duōshǎo qián ？
1,http://s3contents.chinesepod.com/0065/e2f30a1324643244e7e5a33f898a6de3c42223f6/mp3/64/rec-1217625982062-2.mp3,Eighty-five RMB.,八十五块。,bāshíwǔ kuài 。
1,http://s3contents.chinesepod.com/0065/e2f30a1324643244e7e5a33f898a6de3c42223f6/mp3/64/rec-1217625982062-3.mp3,Here is exactly eighty-five RMB. Thank you.,八十五块。正好。谢谢。,bāshíwǔ kuài 。 zhènghǎo 。 xièxie 。
1,http://s3contents.chinesepod.com/0067/0fe51814c6f8023ef7ada1588735d5a57f7914ef/mp3/64/rec-1216854305343-2.mp3,This is my passport.,这是我的护照。,zhè shì wǒ de hùzhào 。
1,http://s3contents.chinesepod.com/0067/0fe51814c6f8023ef7ada1588735d5a57f7914ef/mp3/64/rec-1216854305343-3.mp3,Thank you. Please wait a moment.,谢谢。您稍等。,xièxie 。 nín shāoděng 。
1,http://s3contents.chinesepod.com/0071/9ae5499ff3a114baa180e6d10c23d2c9e9233d9b/mp3/64/rec-1185523894843-0.mp3,I’ll pay.,我来付钱。,wǒ lái fùqián 。
1,http://s3contents.chinesepod.com/0071/9ae5499ff3a114baa180e6d10c23d2c9e9233d9b/mp3/64/rec-1185523894843-1.mp3,It’s my treat. / It’s on me.,我请客。,wǒ qǐngkè 。
1,http://s3contents.chinesepod.com/0071/9ae5499ff3a114baa180e6d10c23d2c9e9233d9b/mp3/64/rec-1185523894843-2.mp3,I see.,我明白。,wǒ míngbai 。
1,http://s3contents.chinesepod.com/0071/9ae5499ff3a114baa180e6d10c23d2c9e9233d9b/mp3/64/rec-1185523894843-3.mp3,I know what you mean.,我明白你的意思。,wǒ míngbai nǐ de yìsi 。
1,http://s3contents.chinesepod.com/0071/9ae5499ff3a114baa180e6d10c23d2c9e9233d9b/mp3/64/rec-1185523894843-4.mp3,I don’t understand.,我不理解。,wǒ bù lǐjiě 。
1,http://s3contents.chinesepod.com/0071/9ae5499ff3a114baa180e6d10c23d2c9e9233d9b/mp3/64/rec-1185523894843-18.mp3,I don’t understand what you mean.,我不理解你的意思。,wǒ bù lǐjiě nǐ de yìsi 。
1,http://s3contents.chinesepod.com/0071/9ae5499ff3a114baa180e6d10c23d2c9e9233d9b/mp3/64/rec-1185523894843-6.mp3,I don’t know.,我不知道。,wǒ bù zhīdào 。
1,http://s3contents.chinesepod.com/0071/9ae5499ff3a114baa180e6d10c23d2c9e9233d9b/mp3/64/rec-1185523894843-7.mp3,I’m not clear.,我不清楚。,wǒ bù qīngchu 。
1,http://s3contents.chinesepod.com/0073/99e46897ae6b4f3ab9d60565eb4bd5ddadc888d9/mp3/64/rec-1216857655828-0.mp3,How will you spend the New Year?,你怎么过新年？,nǐ zěnme guò xīnnián ？
1,http://s3contents.chinesepod.com/0073/99e46897ae6b4f3ab9d60565eb4bd5ddadc888d9/mp3/64/rec-1216857655828-1.mp3,I will spend it with my family. What about you?,我和家人一起过。你呢？,wǒ hé jiārén yīqǐ guò 。 nǐ ne ？
1,http://s3contents.chinesepod.com/0077/401ad44e7ba3246dfa388abbd77db742bd1349ab/mp3/64/rec-1216942870812-0.mp3,What do you do?,你是做什么的？,nǐ shì zuò shénme de ？
1,http://s3contents.chinesepod.com/0077/401ad44e7ba3246dfa388abbd77db742bd1349ab/mp3/64/rec-1216942870812-1.mp3,I’m a teacher. How about you?,我是老师。你呢？,wǒ shì lǎoshī 。 nǐ ne ？
1,http://s3contents.chinesepod.com/0077/401ad44e7ba3246dfa388abbd77db742bd1349ab/mp3/64/rec-1216942870812-2.mp3,I’m a businessman. Do you like your job?,我是生意人。你喜欢你的工作吗？,wǒ shì shēngyìrén 。 nǐ xǐhuan nǐ de gōngzuò ma ？
1,http://s3contents.chinesepod.com/0077/401ad44e7ba3246dfa388abbd77db742bd1349ab/mp3/64/rec-1216942870812-3.mp3,Yes. I really like it.,是的。我很喜欢。,shìde 。 wǒ hěn xǐhuan 。
1,http://s3contents.chinesepod.com/0080/35aea8f89fb4461c1017acb68550890f21943c42/mp3/64/rec-1212616717156-0.mp3,How are you doing?,你怎么样？,nǐ zěnmeyàng ？
1,http://s3contents.chinesepod.com/0080/35aea8f89fb4461c1017acb68550890f21943c42/mp3/64/rec-1212616717156-1.mp3,All right.,还可以。,hái kěyǐ 。
1,http://s3contents.chinesepod.com/0080/35aea8f89fb4461c1017acb68550890f21943c42/mp3/64/rec-1212616717156-2.mp3,Not bad.,不错。,bùcuò 。
1,http://s3contents.chinesepod.com/0080/35aea8f89fb4461c1017acb68550890f21943c42/mp3/64/rec-1212616717156-3.mp3,So-so.,马马虎虎。,mǎmǎhūhū 。
1,http://s3contents.chinesepod.com/0080/35aea8f89fb4461c1017acb68550890f21943c42/mp3/64/rec-1212616717156-4.mp3,Thanks.,谢谢你。,xièxie nǐ 。
1,http://s3contents.chinesepod.com/0080/35aea8f89fb4461c1017acb68550890f21943c42/mp3/64/rec-1212616717156-5.mp3,Don't be so polite.,不客气。,bùkèqi 。
1,http://s3contents.chinesepod.com/0080/35aea8f89fb4461c1017acb68550890f21943c42/mp3/64/rec-1212616717156-6.mp3,No need for thanks.,不用谢。,bùyòngxiè 。
1,http://s3contents.chinesepod.com/0080/35aea8f89fb4461c1017acb68550890f21943c42/mp3/64/rec-1212616717156-7.mp3,It's nothing.,没事。,méishì 。
1,http://s3contents.chinesepod.com/0080/35aea8f89fb4461c1017acb68550890f21943c42/mp3/64/rec-1212616717156-8.mp3,What can I do?,怎么办？,zěnme bàn ？
1,http://s3contents.chinesepod.com/0080/35aea8f89fb4461c1017acb68550890f21943c42/mp3/64/rec-1212616717156-9.mp3,There’s nothing to be done.,没办法。,méi bànfǎ 。
1,http://s3contents.chinesepod.com/0080/35aea8f89fb4461c1017acb68550890f21943c42/mp3/64/rec-1212616717156-10.mp3,I'm sorry.,对不起。,dùibuqǐ 。
1,http://s3contents.chinesepod.com/0080/35aea8f89fb4461c1017acb68550890f21943c42/mp3/64/rec-1212616717156-11.mp3,It doesn’t matter.,没关系。,méiguānxi.
1,http://s3contents.chinesepod.com/0083/b070a557585216cff26642ddd565fad2a3420f5c/mp3/64/rec-1217897882328-0.mp3,Let’s go eat. Okay?,我们去吃饭，好吗？,wǒmen qù chīfàn ， hǎo ma ？
1,http://s3contents.chinesepod.com/0083/b070a557585216cff26642ddd565fad2a3420f5c/mp3/64/rec-1217897882328-1.mp3,I’m not hungry.,我不饿。,wǒ bù è 。
1,http://s3contents.chinesepod.com/0083/b070a557585216cff26642ddd565fad2a3420f5c/mp3/64/rec-1217897882328-2.mp3,Then just accompany me. Okay?,那你陪我去。好不好？,nà nǐ péi wǒ qù 。 hǎo bu hǎo ？
1,http://s3contents.chinesepod.com/0083/b070a557585216cff26642ddd565fad2a3420f5c/mp3/64/rec-1217897882328-3.mp3,"Okay. I won’t eat, but I’ll drink a little tea.",好的。我不吃饭但是我喝一点茶。,hǎo de 。 wǒ bù chīfàn dànshì wǒ hē yīdiǎn chá 。
1,http://s3contents.chinesepod.com/0090/d2ac8d39906967cbc5244abe392a72a69c2f1d7d/mp3/64/rec-1210870069640-11.mp3,What are you studying in university?,你在大学里学什么？,nǐ zài dàxué lǐ xué shénme ？
1,http://s3contents.chinesepod.com/0090/d2ac8d39906967cbc5244abe392a72a69c2f1d7d/mp3/64/rec-1210870069640-5.mp3,I’m studying English in university.,我在大学里学英语。,wǒ zài dàxué lǐ xué yīngyǔ 。
1,http://s3contents.chinesepod.com/0090/d2ac8d39906967cbc5244abe392a72a69c2f1d7d/mp3/64/rec-1210870069640-14.mp3,"After you graduate, what would you like to do?",毕业以后你想做什么？,bìyè yǐhòu nǐ xiǎng zuò shénme ？
1,http://s3contents.chinesepod.com/0090/d2ac8d39906967cbc5244abe392a72a69c2f1d7d/mp3/64/rec-1210870069640-3.mp3,I’d like to be a teacher.,我想当老师。,wǒ xiǎng dāng lǎoshī 。
1,http://s3contents.chinesepod.com/0094/6e83f367914d993971d169ab8a8119ab50f0dcc9/mp3/64/rec-1218661785468-0.mp3,How can I contact you?,我怎么联系你？,wǒ zěnme liánxì nǐ ？
1,http://s3contents.chinesepod.com/0094/6e83f367914d993971d169ab8a8119ab50f0dcc9/mp3/64/rec-1218661785468-1.mp3,Send me an e-mail.,就给我发邮件吧。,jìu gěi wǒ fā yóujiàn ba 。
1,http://s3contents.chinesepod.com/0094/6e83f367914d993971d169ab8a8119ab50f0dcc9/mp3/64/rec-1218661785468-13.mp3,What’s your e-mail address?,你的邮件地址是什么？,nǐde yóujiàn dìzhǐ shì shénme ？
1,http://s3contents.chinesepod.com/0095/abbbf7c1f0a363b759650fa9a22ac505c4bbd281/mp3/64/rec-1218584715937-0.mp3,What is your home address?,你家里的地址是什么？,nǐ jiālǐ de dìzhǐ shì shénme ？
1,http://s3contents.chinesepod.com/0095/abbbf7c1f0a363b759650fa9a22ac505c4bbd281/mp3/64/rec-1218584715937-1.mp3,"My home address is number 135, Nanjing Road.",我家里的地址是南京路一百三十五号。,wǒ jiālǐ de dìzhǐ shì nánjīng lù yībǎi sānshí wǔ hào 。
1,http://s3contents.chinesepod.com/0095/abbbf7c1f0a363b759650fa9a22ac505c4bbd281/mp3/64/rec-1218584715937-2.mp3,Across from the park?,在公园对面吗？,zài gōngyuán dùimiàn ma ？
1,http://s3contents.chinesepod.com/0095/abbbf7c1f0a363b759650fa9a22ac505c4bbd281/mp3/64/rec-1218584715937-3.mp3,Yes.,是的。,shìde 。
1,http://s3contents.chinesepod.com/0099/fb21d4850680acd07f321d9f76cc72df31b41f18/mp3/64/rec-1200389117781-0.mp3,Can you do me a favor?,你能不能帮我一个忙？,nǐ néng bu néng bāng wǒ yī ge máng ？
1,http://s3contents.chinesepod.com/0099/fb21d4850680acd07f321d9f76cc72df31b41f18/mp3/64/rec-1200389117781-1.mp3,Of course I can.,当然可以。,dāngrán kěyǐ 。
1,http://s3contents.chinesepod.com/0099/fb21d4850680acd07f321d9f76cc72df31b41f18/mp3/64/rec-1200389117781-2.mp3,I came to find Mrs. Wang. Please tell her I’m here.,我来找王太太。请告诉她我来了。,wǒ lái zhǎo wáng tàitai 。 qǐng gàosù tā wǒ lái le 。
1,http://s3contents.chinesepod.com/0099/fb21d4850680acd07f321d9f76cc72df31b41f18/mp3/64/rec-1200389117781-3.mp3,No problem. Just a moment please.,没问题。请稍等。,méi wèntí 。 qǐng shāo děng 。
1,http://s3contents.chinesepod.com/0103/e601ecb16fb6af032810445b5dabe4ac152eafc7/mp3/64/rec-1210870557156-0.mp3,Where can I buy a train ticket to Beijing?,哪里可以买去北京的火车票？,nǎli kěyǐ mǎi qù běijīng de huǒchēpiào ？
1,http://s3contents.chinesepod.com/0103/e601ecb16fb6af032810445b5dabe4ac152eafc7/mp3/64/rec-1210870557156-1.mp3,You must go to the train station.,你必须去火车站。,nǐ bìxū qù huǒchēzhàn 。
1,http://s3contents.chinesepod.com/0103/e601ecb16fb6af032810445b5dabe4ac152eafc7/mp3/64/rec-1210870557156-2.mp3,Is it difficult to buy one?,票难买吗？,piào nán mǎi ma ？
1,http://s3contents.chinesepod.com/0103/e601ecb16fb6af032810445b5dabe4ac152eafc7/mp3/64/rec-1210870557156-3.mp3,It’s hard to say.,很难说。,hěn nánshuō 。
1,http://s3contents.chinesepod.com/0108/f5a5682ff847682d861adb4aef7524247bdcd1dd/mp3/64/rec-1210870852265-5.mp3,Baby don't cry.,宝宝别哭。,"bǎobao , kū 。"
1,http://s3contents.chinesepod.com/0108/f5a5682ff847682d861adb4aef7524247bdcd1dd/mp3/64/rec-1210870852265-1.mp3,Baby don’t be afraid.,宝宝别怕。,"bǎobao , pà 。"
1,http://s3contents.chinesepod.com/0108/f5a5682ff847682d861adb4aef7524247bdcd1dd/mp3/64/rec-1210870852265-2.mp3,Daddy and Mommy are here.,爸爸妈妈在这里。,bàba māma zài zhèlǐ 。
1,http://s3contents.chinesepod.com/0108/f5a5682ff847682d861adb4aef7524247bdcd1dd/mp3/64/rec-1210870852265-3.mp3,Daddy and Mommy like you.,爸爸妈妈喜欢你。,bàba māma xǐhuan nǐ 。
1,http://s3contents.chinesepod.com/0110/492f573f0bd242f206df35de1c9c958295d7e946/mp3/64/rec-1218242712359-0.mp3,What is your major?,你的专业是什么？,nǐ de zhuānyè shì shénme ？
1,http://s3contents.chinesepod.com/0110/492f573f0bd242f206df35de1c9c958295d7e946/mp3/64/rec-1218242712359-1.mp3,My major is finance.,我的专业是金融。,wǒ de zhuānyè shì jīnróng 。
1,http://s3contents.chinesepod.com/0110/492f573f0bd242f206df35de1c9c958295d7e946/mp3/64/rec-1218242712359-2.mp3,Do you like your major?,你喜欢你的专业吗？,nǐ xǐhuan nǐ de zhuānyè ma ？
1,http://s3contents.chinesepod.com/0110/492f573f0bd242f206df35de1c9c958295d7e946/mp3/64/rec-1218242712359-3.mp3,Not really. It’s pretty boring.,不怎么喜欢。挺无聊的。,bù zěnme xǐhuan 。 tǐng wúliáo de 。
1,http://s3contents.chinesepod.com/0113/f4c92a05ca6b5d7047183ea94c5c427f71de9b87/mp3/64/rec-1218470108859-0.mp3,Where is your home town?,你的老家在哪里？,nǐde lǎojiā zài nǎli ？
1,http://s3contents.chinesepod.com/0113/f4c92a05ca6b5d7047183ea94c5c427f71de9b87/mp3/64/rec-1218470108859-1.mp3,I come from the countryside. How about you?,我从乡下来。你呢？,wǒ cóng xiāngxià lái 。 nǐ ne ？
1,http://s3contents.chinesepod.com/0113/f4c92a05ca6b5d7047183ea94c5c427f71de9b87/mp3/64/rec-1218470108859-2.mp3,My hometown is in Beijing.,我的老家在北京。,wǒde lǎojiā zài běijīng 。
1,http://s3contents.chinesepod.com/0113/f4c92a05ca6b5d7047183ea94c5c427f71de9b87/mp3/64/rec-1218470108859-3.mp3,Beijing is a good place.,北京是一个好地方。,běijīng shì yī ge hǎo dìfang 。
1,http://s3contents.chinesepod.com/0117/060d7d37cd8cde4e448d19628c41e4b09c1d4734/mp3/64/rec-1183011962671-0.mp3,You look very nervous.,你看起来很紧张。,nǐ kànqǐlái hěn jǐnzhāng 。
1,http://s3contents.chinesepod.com/0117/060d7d37cd8cde4e448d19628c41e4b09c1d4734/mp3/64/rec-1183011962671-1.mp3,"Yes, I’m very nervous.",对，我很紧张。,dùi ， wǒ hěn jǐnzhāng 。
1,http://s3contents.chinesepod.com/0117/060d7d37cd8cde4e448d19628c41e4b09c1d4734/mp3/64/rec-1183011962671-2.mp3,Why?,为什么？,wèishénme ？
1,http://s3contents.chinesepod.com/0117/060d7d37cd8cde4e448d19628c41e4b09c1d4734/mp3/64/rec-1183011962671-3.mp3,Because I have an important test.,因为我有一个很重要的考试。,yīnwèi wǒ yǒu yī ge hěn zhòngyào de kǎoshì 。
1,http://s3contents.chinesepod.com/0119/20dfafd18d00758300bba0d56daf8b13c2429399/mp3/64/rec-1218474442453-0.mp3,Do you often chat online?,你经常上网聊天吗？,nǐ jīngcháng shàngwǎng liáotiān ma ？
1,http://s3contents.chinesepod.com/0119/20dfafd18d00758300bba0d56daf8b13c2429399/mp3/64/rec-1218474442453-1.mp3,Yes. I chat online everyday.,是的。我每天上网聊天。,shìde 。 wǒ měitiān shàngwǎng liáotiān 。
1,http://s3contents.chinesepod.com/0119/20dfafd18d00758300bba0d56daf8b13c2429399/mp3/64/rec-1218474442453-2.mp3,Who do you chat with online?,你和谁聊天？,nǐ hé shéi liáotiān ？
1,http://s3contents.chinesepod.com/0121/6f55072c9bf56d7cf5d61810cec4f5f90879950c/mp3/64/rec-1219105803656-0.mp3,"Driver, drive a bit faster, okay?",师傅，开快一点，好吗？,shīfu ， kāi kuài yīdiǎn ， hǎo ma ？
1,http://s3contents.chinesepod.com/0121/6f55072c9bf56d7cf5d61810cec4f5f90879950c/mp3/64/rec-1219105803656-1.mp3,Are you in a hurry?,你赶时间吗？,nǐ gǎn shíjiān ma ？
1,http://s3contents.chinesepod.com/0121/6f55072c9bf56d7cf5d61810cec4f5f90879950c/mp3/64/rec-1219105803656-2.mp3,"Yes. If I’m late, I’ll get a deduction from my salary.",是的。如果我迟到，会被扣薪水。,shìde 。 rúguǒ wǒ chídào ， hùi bèi kòu xīnshǔi 。
1,http://s3contents.chinesepod.com/0121/6f55072c9bf56d7cf5d61810cec4f5f90879950c/mp3/64/rec-1219105803656-3.mp3,I understand.,我明白了。,wǒ míngbai le 。
1,http://s3contents.chinesepod.com/0124/2fcedcf593c56233a8622c473bbfb7425d1caf53/mp3/64/rec-1218477141937-0.mp3,It's too late. I would like  to go.,太晚了。我想走。,tài wǎn le 。 wǒ xiǎng zǒu 。
1,http://s3contents.chinesepod.com/0124/2fcedcf593c56233a8622c473bbfb7425d1caf53/mp3/64/rec-1218477141937-1.mp3,I'll take you home.,我送你回家。,wǒ sòng nǐ húijiā 。
1,http://s3contents.chinesepod.com/0124/2fcedcf593c56233a8622c473bbfb7425d1caf53/mp3/64/rec-1218477141937-2.mp3,You don't need to. It's too much trouble.,不用了，太麻烦你了。,bùyòng le ， tài máfan nǐ le 。
1,http://s3contents.chinesepod.com/0124/2fcedcf593c56233a8622c473bbfb7425d1caf53/mp3/64/rec-1218477141937-3.mp3,It's not troublesome at all. Let's go.,一点也不麻烦。我们走吧。,yīdiǎn yě bù máfan 。 wǒmen zǒu ba 。
1,http://s3contents.chinesepod.com/0128/2a4c702f9197775b2541e50b244cdf530b24e99c/mp3/64/rec-1217285493406-0.mp3,The total comes to 85Rmb.,你买的东西一共是85元。,nǐ mǎi de dōngxi yígòng shì bāshíwǔ yuán 。
1,http://s3contents.chinesepod.com/0128/2a4c702f9197775b2541e50b244cdf530b24e99c/mp3/64/rec-1217285493406-1.mp3,Here you are. Please give me a receipt.,给你。请给我开发票。,gěi nǐ 。 qǐng gěi wǒ kāi fāpiào 。
1,http://s3contents.chinesepod.com/0128/2a4c702f9197775b2541e50b244cdf530b24e99c/mp3/64/rec-1217285493406-2.mp3,Okay. Here is your receipt.,好的。开好了。这是你的发票。,hǎo de 。 kāihǎo le 。 zhè shì nǐ de fāpiào 。
1,http://s3contents.chinesepod.com/0128/2a4c702f9197775b2541e50b244cdf530b24e99c/mp3/64/rec-1217285493406-3.mp3,Thanks.,谢谢。,xièxie 。
1,http://s3contents.chinesepod.com/0130/42832b636552c1cdc127754d5b381eb8abd32c26/mp3/64/rec-1219789169812-0.mp3,You look uncomfortable.,你看起来不舒服。,nǐ kàn qǐlai bù shūfu 。
1,http://s3contents.chinesepod.com/0130/42832b636552c1cdc127754d5b381eb8abd32c26/mp3/64/rec-1219789169812-1.mp3,Yes. My stomach doesn't feel good.,对，我胃不舒服。,dùi ， wǒ wèi bù shūfu 。
1,http://s3contents.chinesepod.com/0130/42832b636552c1cdc127754d5b381eb8abd32c26/mp3/64/rec-1219789169812-2.mp3,How come?,怎么会？,zěnme hùi ？
1,http://s3contents.chinesepod.com/0130/42832b636552c1cdc127754d5b381eb8abd32c26/mp3/64/rec-1219789169812-3.mp3,Because I ate too much for lunch.,因为我午饭吃得太多了。,yīnwèi wǒ wǔfàn chī de tài duō le 。
1,http://s3contents.chinesepod.com/0133/5e5994f94643caf2084fe7f62f43e4c0c6f195bd/mp3/64/rec-1210871304687-0.mp3,How do you download music from the internet?,你怎么从网上下载音乐？,nǐ zěnme cóng wǎngshàng xiàzài yīnyuè ？
1,http://s3contents.chinesepod.com/0133/5e5994f94643caf2084fe7f62f43e4c0c6f195bd/mp3/64/rec-1210871304687-2.mp3,How much does it cost?,要多少钱？,yào duōshǎo qián ？
1,http://s3contents.chinesepod.com/0133/5e5994f94643caf2084fe7f62f43e4c0c6f195bd/mp3/64/rec-1210871304687-3.mp3,It’s not very expensive. You should try it.,不是很贵。你应该试试。,bù shì hěn gùi 。 nǐ yīnggāi shìshi 。
1,http://s3contents.chinesepod.com/0134/55d46778e1c3851d890622582aee8aa078db481d/mp3/64/rec-1211500210250-0.mp3,You are late again. You are always late. What's your problem?,你又迟到了。你总是迟到。怎么搞的？,nǐ yòu chídào le 。 nǐ zǒngshì chídào 。 zěnme gǎo de ？
1,http://s3contents.chinesepod.com/0134/55d46778e1c3851d890622582aee8aa078db481d/mp3/64/rec-1211500210250-1.mp3,I'm not late. We agreed we would meet at 3 o'clock. It's now 3 o'clock.,我没迟到。我们说好三点见。现在正好三点。,"wǒ méi chídào 。 wǒmen shuōhǎo , jiàn 。 xiànzài zhènghǎo , 。"
1,http://s3contents.chinesepod.com/0134/55d46778e1c3851d890622582aee8aa078db481d/mp3/64/rec-1211500210250-2.mp3,"No, it's 3:15 now. You are 15 minutes late. Don't be late again, OK?",不对，现在是三点十五分。你迟到了十五分钟。下次不要再迟到了，可以吗？,bù dùi ， xiànzài shì sāndiǎn shíwǔfēn 。 nǐ chídào le shí wǔ fēnzhōng 。 xiàcì bùyào zài chídào le ， kěyǐ ma ？
1,http://s3contents.chinesepod.com/0134/55d46778e1c3851d890622582aee8aa078db481d/mp3/64/rec-1211500210250-3.mp3,OK. Don't be angry.,可以。你别生气了。,"kěyǐ 。 nǐ , shēngqì le 。"
1,http://s3contents.chinesepod.com/0136/75a991211e20e5d1dc5429a0d3ae3088342ab34c/mp3/64/rec-1217373073203-1.mp3,Don’t you have a mobile phone?,你没有手机吗？,nǐ méiyǒu shǒujī ma ？
1,http://s3contents.chinesepod.com/0136/75a991211e20e5d1dc5429a0d3ae3088342ab34c/mp3/64/rec-1217373073203-2.mp3,"Yes I do, but my mobile phone is broken.",有。但是我的手机坏了。,yǒu 。 dànshì wǒ de shǒujī huài le 。
1,http://s3contents.chinesepod.com/0136/75a991211e20e5d1dc5429a0d3ae3088342ab34c/mp3/64/rec-1217373073203-3.mp3,Then use my mobile phone.,那你用我的手机吧。,nà nǐ yòng wǒ de shǒujī ba 。
1,http://s3contents.chinesepod.com/0138/363df2ea0fa4159ae69c1eddf44013ba3a716861/mp3/64/rec-1219163263390-0.mp3,Tomorrow are you definitely coming to my house to hang out?,你明天一定来我家玩吗？,nǐ míngtiān yīdìng lái wǒ jiā wán ma ？
1,http://s3contents.chinesepod.com/0138/363df2ea0fa4159ae69c1eddf44013ba3a716861/mp3/64/rec-1219163263390-1.mp3,I’m definitely coming.,我一定来。,wǒ yīdìng lái 。
1,http://s3contents.chinesepod.com/0138/363df2ea0fa4159ae69c1eddf44013ba3a716861/mp3/64/rec-1219163263390-2.mp3,Five o’clock tomorrow afternoon.,明天下午五点钟。,míngtiān xiàwǔ wǔdiǎnzhōng 。
1,http://s3contents.chinesepod.com/0138/363df2ea0fa4159ae69c1eddf44013ba3a716861/mp3/64/rec-1219163263390-3.mp3,"OK, see you tomorrow.",好的。明天见。,hǎo de 。 míngtiān jiàn 。
1,http://s3contents.chinesepod.com/0142/5cbfd24c98b3f6b1a46b8c285f4f0cd5132b22bd/mp3/64/rec-1217896047093-4.mp3,Good morning!,早上好！,zǎoshàng hǎo ！
1,http://s3contents.chinesepod.com/0142/5cbfd24c98b3f6b1a46b8c285f4f0cd5132b22bd/mp3/64/rec-1217896047093-1.mp3,Hi! How are you?,嘿！你好吗？,hēi ！ nǐ hǎo ma ？
1,http://s3contents.chinesepod.com/0142/5cbfd24c98b3f6b1a46b8c285f4f0cd5132b22bd/mp3/64/rec-1217896047093-2.mp3,I’m very good. Thanks.,我很好，谢谢。,wǒ hěn hǎo ， xièxie 。
1,http://s3contents.chinesepod.com/0147/e7b3483d6b5d8fcd8833a35300b4ca8f30c1ccf7/mp3/64/rec-1219096981531-0.mp3,"Hi, Mom. It’s me.",喂，妈妈，是我。,wèi ， māma ， shì wǒ 。
1,http://s3contents.chinesepod.com/0147/e7b3483d6b5d8fcd8833a35300b4ca8f30c1ccf7/mp3/64/rec-1219096981531-1.mp3,"Ah! It’s you, Jack. How are you?",啊，是你，杰克。你好吗？,à ， shì nǐ ， jiékè 。 nǐhǎoma ？
1,http://s3contents.chinesepod.com/0147/e7b3483d6b5d8fcd8833a35300b4ca8f30c1ccf7/mp3/64/rec-1219096981531-2.mp3,"I’m very good, Mom. But I miss you very much.",我很好，妈妈。但是我很想你。,wǒ hěn hǎo ， māma 。 dànshì wǒ hěn xiǎng nǐ 。
1,http://s3contents.chinesepod.com/0147/e7b3483d6b5d8fcd8833a35300b4ca8f30c1ccf7/mp3/64/rec-1219096981531-0.mp3,"Hi, Mom. It’s me.",喂，妈妈，是我。,wèi ， māma ， shì wǒ 。
1,http://s3contents.chinesepod.com/0147/e7b3483d6b5d8fcd8833a35300b4ca8f30c1ccf7/mp3/64/rec-1219096981531-1.mp3,"Ah! It’s you, Jack. How are you?",啊，是你，杰克。你好吗？,à ， shì nǐ ， jiékè 。 nǐhǎoma ？
1,http://s3contents.chinesepod.com/0147/e7b3483d6b5d8fcd8833a35300b4ca8f30c1ccf7/mp3/64/rec-1219096981531-2.mp3,"I’m very good, Mom. But I miss you very much.",我很好，妈妈。但是我很想你。,wǒ hěn hǎo ， māma 。 dànshì wǒ hěn xiǎng nǐ 。
1,http://s3contents.chinesepod.com/0150/15cc38ea03882ca1b6d3017979a0a4acff41ad17/mp3/64/rec-1210193064734-0.mp3,What’s his name?,他叫什么名字？,tā jiào shénme míngzi ？
1,http://s3contents.chinesepod.com/0150/15cc38ea03882ca1b6d3017979a0a4acff41ad17/mp3/64/rec-1210193064734-1.mp3,His name is Wang Ping.,他叫王平。,tā jiào wáng píng 。
1,http://s3contents.chinesepod.com/0150/15cc38ea03882ca1b6d3017979a0a4acff41ad17/mp3/64/rec-1210193064734-2.mp3,Does he have any older brothers?,他有哥哥吗？,tā yǒu gēge ma ？
1,http://s3contents.chinesepod.com/0150/15cc38ea03882ca1b6d3017979a0a4acff41ad17/mp3/64/rec-1210193064734-3.mp3,Yes. He has an older brother.,有。他有一个哥哥。,yǒu 。 tā yǒu yī ge gēge 。
1,http://s3contents.chinesepod.com/0152/41efebbdcfc939ff3b9d02317f6931b4fad750ae/mp3/64/rec-1217544381062-0.mp3,"Hello, is Miss Zhang in?",喂，请问张小姐在吗？,wèi ， qǐng wèn zhāng xiǎojie zài ma ？
1,http://s3contents.chinesepod.com/0152/41efebbdcfc939ff3b9d02317f6931b4fad750ae/mp3/64/rec-1217544381062-2.mp3,Is she out?,她出去了吗？,tā chūqù le ma ？
1,http://s3contents.chinesepod.com/0152/41efebbdcfc939ff3b9d02317f6931b4fad750ae/mp3/64/rec-1217544381062-3.mp3,"Yes, she is out.",对，她出去了。,dùi ， tā chūqù le 。
1,http://s3contents.chinesepod.com/0155/efa41e32fa65a9b3458182a8032ba99fca4d15e5/mp3/64/chinesepod_1908_dialogue_13077_prototype_1054.mp3,What do you like to eat?,你喜欢吃什么？,nǐ xǐhuan chī shénme ？
1,http://s3contents.chinesepod.com/0155/efa41e32fa65a9b3458182a8032ba99fca4d15e5/mp3/64/chinesepod_1908_dialogue_13078_prototype_4987_8157.mp3,I like to eat beef. And you?,我喜欢吃牛肉，你呢？,wǒ xǐhuan chī níuròu ， nǐ ne ？
1,http://s3contents.chinesepod.com/0155/efa41e32fa65a9b3458182a8032ba99fca4d15e5/mp3/64/chinesepod_1908_dialogue_13079_prototype_11789_8440.mp3,I like to eat fish.,我喜欢吃鱼。,wǒ xǐhuan chī yú 。
1,http://s3contents.chinesepod.com/0155/efa41e32fa65a9b3458182a8032ba99fca4d15e5/mp3/64/chinesepod_1908_dialogue_13080_prototype_28919_6781.mp3,Really? Me too!,是吗？我也是！,shì ma ？ wǒ yě shì ！
1,http://s3contents.chinesepod.com/0159/5a0b8a036c6fdfc47f7b221afa0a027763440db7/mp3/64/rec-1217612265062-0.mp3,World Cup,世界杯,shìjièbēi
1,http://s3contents.chinesepod.com/0159/5a0b8a036c6fdfc47f7b221afa0a027763440db7/mp3/64/rec-1217612265062-1.mp3,Come on,加油,jiāyóu
1,http://s3contents.chinesepod.com/0159/5a0b8a036c6fdfc47f7b221afa0a027763440db7/mp3/64/rec-1217612265062-2.mp3,Good shot,好球,hǎoqíu
1,http://s3contents.chinesepod.com/0159/5a0b8a036c6fdfc47f7b221afa0a027763440db7/mp3/64/rec-1217612265062-3.mp3,Bad shot,臭球,chòuqíu
1,http://s3contents.chinesepod.com/0159/5a0b8a036c6fdfc47f7b221afa0a027763440db7/mp3/64/rec-1217612265062-4.mp3,Black whistle,黑哨,hēishào
1,http://s3contents.chinesepod.com/0163/ef305ed672cba72a68e49bc6f56bd182af50d664/mp3/64/rec-1216056880421-0.mp3,"Excuse me, where is the washroom?",请问洗手间在哪里？,qǐng wèn xǐshǒujiān zài nǎli ？
1,http://s3contents.chinesepod.com/0163/ef305ed672cba72a68e49bc6f56bd182af50d664/mp3/64/rec-1216056880421-1.mp3,It’s on the second floor.,在二楼。,zài èrlóu 。
1,http://s3contents.chinesepod.com/0163/ef305ed672cba72a68e49bc6f56bd182af50d664/mp3/64/rec-1216056880421-2.mp3,Thank you.,谢谢。,xièxie 。
1,http://s3contents.chinesepod.com/0165/bc45c23902761a3b9182133bb5c1bc9c439b592f/mp3/64/rec-1217615139953-2.mp3,I am allergic to cats.,我对猫过敏。,wǒ dùi māo guòmǐn 。
1,http://s3contents.chinesepod.com/0168/4836a82cc6a89e7d7bbf6888f537ffcbf2fa7be9/mp3/64/rec-1217615666031-0.mp3,Is anyone sitting here?,这里有人坐吗？,zhèlǐ yǒu rén zuò ma ？
1,http://s3contents.chinesepod.com/0168/4836a82cc6a89e7d7bbf6888f537ffcbf2fa7be9/mp3/64/rec-1217615666031-1.mp3,No.,没有。,méiyǒu 。
1,http://s3contents.chinesepod.com/0168/4836a82cc6a89e7d7bbf6888f537ffcbf2fa7be9/mp3/64/rec-1217615666031-2.mp3,Can I sit here?,我可以坐吗？,wǒ kěyǐ zuò ma ？
1,http://s3contents.chinesepod.com/0168/4836a82cc6a89e7d7bbf6888f537ffcbf2fa7be9/mp3/64/rec-1217615666031-16.mp3,"Yes, of course.",当然可以。,dāngrán kěyǐ 。
1,http://s3contents.chinesepod.com/0172/39b112311c620c3a77faece86fd7d88d4bcaf57b/mp3/64/rec-1210193903625-0.mp3,I want to exchange money.,我想换钱。,wǒ xiǎng huànqián 。
1,http://s3contents.chinesepod.com/0172/39b112311c620c3a77faece86fd7d88d4bcaf57b/mp3/64/rec-1210193903625-1.mp3,How much money would you like to exchange?,换多少钱？,huàn duōshao qián ？
1,http://s3contents.chinesepod.com/0172/39b112311c620c3a77faece86fd7d88d4bcaf57b/mp3/64/rec-1210193903625-2.mp3,One hundred US dollars.,一百美元。,yībǎi měiyuán 。
1,http://s3contents.chinesepod.com/0172/39b112311c620c3a77faece86fd7d88d4bcaf57b/mp3/64/rec-1210193903625-3.mp3,All right.,好的。,hǎo de 。
1,http://s3contents.chinesepod.com/0175/80829ed6d9661befc5516d5744eb2212fc8f9d48/mp3/64/rec-1218150743031-0.mp3,Is there anything that you don’t eat?,你有什么东西不吃吗？,nǐ yǒu shénme dōngxi bù chī ma ？
1,http://s3contents.chinesepod.com/0175/80829ed6d9661befc5516d5744eb2212fc8f9d48/mp3/64/rec-1218150743031-1.mp3,I don’t eat meat. I am a vegetarian.,我不吃肉，我吃素。,wǒ bù chī ròu ， wǒ chī sù 。
1,http://s3contents.chinesepod.com/0175/80829ed6d9661befc5516d5744eb2212fc8f9d48/mp3/64/rec-1218150743031-2.mp3,What about egg?,鸡蛋呢？,jīdàn ne ？
1,http://s3contents.chinesepod.com/0175/80829ed6d9661befc5516d5744eb2212fc8f9d48/mp3/64/rec-1218150743031-3.mp3,Egg is fine.,鸡蛋可以。,jīdàn kěyǐ 。
1,http://s3contents.chinesepod.com/0180/ae6c014243a61561c4845228b8420594623edbff/mp3/64/rec-1219164429515-0.mp3,May I take a photo?,我可以拍照片吗？,wǒ kěyǐ pāi zhàopiàn ma ？
1,http://s3contents.chinesepod.com/0180/ae6c014243a61561c4845228b8420594623edbff/mp3/64/rec-1219164429515-1.mp3,Sure.,可以。,kěyǐ 。
1,http://s3contents.chinesepod.com/0180/ae6c014243a61561c4845228b8420594623edbff/mp3/64/rec-1219164429515-2.mp3,Say ‘cheese’!,说茄子!,shuō qiézi !
1,http://s3contents.chinesepod.com/0180/ae6c014243a61561c4845228b8420594623edbff/mp3/64/rec-1219164429515-3.mp3,Cheese!,茄子!,qiézi !
1,http://s3contents.chinesepod.com/0186/cfef667d31f8b747c86097fb0bf25cf517217bb6/mp3/64/rec-1218578536546-0.mp3,How are you going home?,你怎么回家？,nǐ zěnme húijiā ？
1,http://s3contents.chinesepod.com/0186/cfef667d31f8b747c86097fb0bf25cf517217bb6/mp3/64/rec-1218578536546-1.mp3,I’m taking the subway. What about you?,我坐地铁。你呢？,wǒ zuò dìtiě 。 nǐ ne ？
1,http://s3contents.chinesepod.com/0186/cfef667d31f8b747c86097fb0bf25cf517217bb6/mp3/64/rec-1218578536546-2.mp3,I’m taking a taxi. See you!,我坐出租车。再见！,wǒ zuò chūzūchē 。 zàijiàn ！
1,http://s3contents.chinesepod.com/0186/cfef667d31f8b747c86097fb0bf25cf517217bb6/mp3/64/rec-1218578536546-3.mp3,Bye!,再见！,zàijiàn ！
1,http://s3contents.chinesepod.com/0191/943ef5bf06de27abca98a7c0541f73a86fd70acb/mp3/64/rec-1218215628156-0.mp3,"Hello, cash or credit card?",您好。现金还是刷卡？,nínhǎo 。 xiànjīn háishi shuākǎ ？
1,http://s3contents.chinesepod.com/0191/943ef5bf06de27abca98a7c0541f73a86fd70acb/mp3/64/rec-1218215628156-1.mp3,Credit card.,刷卡。,shuākǎ 。
1,http://s3contents.chinesepod.com/0191/943ef5bf06de27abca98a7c0541f73a86fd70acb/mp3/64/rec-1218215628156-2.mp3,Please sign.,请签字。,qǐng qiānzì 。
1,http://s3contents.chinesepod.com/0191/943ef5bf06de27abca98a7c0541f73a86fd70acb/mp3/64/rec-1218215628156-3.mp3,OK.,好的。,hǎo de 。
1,http://s3contents.chinesepod.com/0200/dc2c4ac51fcaf5fa367b0d3566fb8c699ec438eb/mp3/64/rec-1218216074968-0.mp3,Hello.,你好。,nǐhǎo 。
1,http://s3contents.chinesepod.com/0200/dc2c4ac51fcaf5fa367b0d3566fb8c699ec438eb/mp3/64/rec-1218216074968-1.mp3,Hello. I am here for an interview.,你好。我来面试。,nǐhǎo 。 wǒ lái miànshì 。
1,http://s3contents.chinesepod.com/0200/dc2c4ac51fcaf5fa367b0d3566fb8c699ec438eb/mp3/64/rec-1218216074968-2.mp3,May I have your name?,请问你叫什么？,qǐng wèn nǐ jiào shénme ？
1,http://s3contents.chinesepod.com/0200/dc2c4ac51fcaf5fa367b0d3566fb8c699ec438eb/mp3/64/rec-1218216074968-3.mp3,I’m Anne.,我叫Anne。,wǒ jiào anne 。
1,http://s3contents.chinesepod.com/0205/1c63dd56e6012cf5ed3356bb04c646ad47df236d/mp3/64/rec-1218478679687-0.mp3,What is this called?,这个叫什么？,zhège jiào shénme ？
1,http://s3contents.chinesepod.com/0205/1c63dd56e6012cf5ed3356bb04c646ad47df236d/mp3/64/rec-1218478679687-1.mp3,This is called a bowl.,这个叫“碗”。,zhège jiào “ wǎn ”。
1,http://s3contents.chinesepod.com/0205/1c63dd56e6012cf5ed3356bb04c646ad47df236d/mp3/64/rec-1218478679687-2.mp3,What is that called?,那个叫什么？,nàge jiào shénme ？
1,http://s3contents.chinesepod.com/0205/1c63dd56e6012cf5ed3356bb04c646ad47df236d/mp3/64/rec-1218478679687-3.mp3,Those are called chopsticks.,那个叫“筷子”。,nàge jiào “ kuàizi ”。
1,http://s3contents.chinesepod.com/0209/5e5558258721f05aaaff51e9a41814f5bd88b13a/mp3/64/rec-1218218522328-0.mp3,How much?,多少钱？,duōshǎo qián ？
1,http://s3contents.chinesepod.com/0209/5e5558258721f05aaaff51e9a41814f5bd88b13a/mp3/64/rec-1218218522328-1.mp3,100 RMB.,一百块钱。,yībǎi kuài qián 。
1,http://s3contents.chinesepod.com/0209/5e5558258721f05aaaff51e9a41814f5bd88b13a/mp3/64/rec-1218218522328-2.mp3,Too expensive!,太贵了！,tài gùi le ！
1,http://s3contents.chinesepod.com/0209/5e5558258721f05aaaff51e9a41814f5bd88b13a/mp3/64/rec-1218218522328-3.mp3,Name your price.,你说多少钱？,nǐ shuō duōshǎo qián ？
1,http://s3contents.chinesepod.com/0213/1c216038ed0d3990172761ff3294929cefca9fd2/mp3/64/rec-1218220972796-0.mp3,Do you want this?,这个要吗？,zhège yào ma ？
1,http://s3contents.chinesepod.com/0213/1c216038ed0d3990172761ff3294929cefca9fd2/mp3/64/rec-1218220972796-1.mp3,"No, thank you.",不要，谢谢。,bùyào ， xièxie 。
1,http://s3contents.chinesepod.com/0213/1c216038ed0d3990172761ff3294929cefca9fd2/mp3/64/rec-1218220972796-2.mp3,It’s very cheap !,很便宜！,hěn piányi ！
1,http://s3contents.chinesepod.com/0213/1c216038ed0d3990172761ff3294929cefca9fd2/mp3/64/rec-1218220972796-3.mp3,I really don’t want it.,真的不要。,zhēnde bùyào 。
1,http://s3contents.chinesepod.com/0218/d5edca82532397b72e6490ae5483110da2c9243f/mp3/64/chinesepod_1845_dialogue_12622_prototype_18441.mp3,"Hi there, little girl (boy)!",小朋友，你好！,xiǎopéngyou ， nǐhǎo ！
1,http://s3contents.chinesepod.com/0218/d5edca82532397b72e6490ae5483110da2c9243f/mp3/64/chinesepod_1845_dialogue_12623_prototype_27174_4434.mp3,Hi.,你好。,nǐhǎo 。
1,http://s3contents.chinesepod.com/0218/d5edca82532397b72e6490ae5483110da2c9243f/mp3/64/chinesepod_1845_dialogue_12624_prototype_5743_38983_11613_33750.mp3,How old are you?,你几岁了？,nǐ jǐ sùi le ？
1,http://s3contents.chinesepod.com/0218/d5edca82532397b72e6490ae5483110da2c9243f/mp3/64/chinesepod_1845_dialogue_12625_prototype_54613_14137.mp3,Four.,四岁。,sì sùi 。
1,http://s3contents.chinesepod.com/0221/c1bab5974a1f40e41359ca22e2209e8e5f1925c9/mp3/64/rec-1218222302453-11.mp3,I love China.,我爱中国。,wǒ ài zhōngguó 。
1,http://s3contents.chinesepod.com/0221/c1bab5974a1f40e41359ca22e2209e8e5f1925c9/mp3/64/rec-1218222302453-1.mp3,I love Chinese people.,我爱中国人。,wǒ ài zhōngguórén 。
1,http://s3contents.chinesepod.com/0221/c1bab5974a1f40e41359ca22e2209e8e5f1925c9/mp3/64/rec-1218222302453-2.mp3,I love Chinese food.,我爱中国菜。,wǒ ài zhōngguó cài 。
1,http://s3contents.chinesepod.com/0221/c1bab5974a1f40e41359ca22e2209e8e5f1925c9/mp3/64/rec-1218222302453-3.mp3,I love Chinese.,我爱中文。,wǒ ài zhōngwén 。
1,http://s3contents.chinesepod.com/0226/4f3f888ab77d274ec87e9e805e468711952b4020/mp3/64/rec-1218226500921-0.mp3,Hello.,你好。,nǐhǎo 。
1,http://s3contents.chinesepod.com/0226/4f3f888ab77d274ec87e9e805e468711952b4020/mp3/64/rec-1218226500921-1.mp3,Hi. I can’t find my luggage.,你好。我的行李找不到。,nǐhǎo 。 wǒ de xíngli zhǎobudào 。
1,http://s3contents.chinesepod.com/0226/4f3f888ab77d274ec87e9e805e468711952b4020/mp3/64/rec-1218226500921-2.mp3,I’ll help you look.,我帮你找。,wǒ bāng nǐ zhǎo 。
1,http://s3contents.chinesepod.com/0226/4f3f888ab77d274ec87e9e805e468711952b4020/mp3/64/rec-1218226500921-3.mp3,Thank you.,谢谢。,xièxie 。
1,http://s3contents.chinesepod.com/0229/2559e52670684685826d432d8397dfe7156d0fc8/mp3/64/rec-1218226842078-1.mp3,I have diarrhea.,我拉肚子。,wǒ lādùzi 。
1,http://s3contents.chinesepod.com/0229/2559e52670684685826d432d8397dfe7156d0fc8/mp3/64/rec-1218226842078-14.mp3,Have you taken any medicine?,吃药了吗？,chī yào le ma ？
1,http://s3contents.chinesepod.com/0229/2559e52670684685826d432d8397dfe7156d0fc8/mp3/64/rec-1218226842078-3.mp3,Not yet.,还没有吃。,hái méiyǒu chī 。
1,http://s3contents.chinesepod.com/0235/31e3b0fbad4b381c979b55745595146e741d0f36/mp3/64/rec-1218227315359-0.mp3,Where are you mailing it to?,寄到哪里？,jìdào nǎli ？
1,http://s3contents.chinesepod.com/0235/31e3b0fbad4b381c979b55745595146e741d0f36/mp3/64/rec-1218227315359-1.mp3,To Germany.,寄到德国。,jìdào déguó 。
1,http://s3contents.chinesepod.com/0235/31e3b0fbad4b381c979b55745595146e741d0f36/mp3/64/rec-1218227315359-2.mp3,OK.  21 RMB.,好的。21块钱。,hǎo de 。 èrshíyī kuài qián 。
1,http://s3contents.chinesepod.com/0235/31e3b0fbad4b381c979b55745595146e741d0f36/mp3/64/rec-1218227315359-3.mp3,Here you are.,给你。,gěi nǐ 。
1,http://s3contents.chinesepod.com/0239/3ef68c755fdf9db6c4ef597bf9b3c18e9ccbb536/mp3/64/rec-1210194154640-13.mp3,What character is this?,这是什么字？,zhè shì shénme zì ？
1,http://s3contents.chinesepod.com/0239/3ef68c755fdf9db6c4ef597bf9b3c18e9ccbb536/mp3/64/rec-1210194154640-1.mp3,That is the character “fu.”,这是“福”字。,zhè shì “ fú ” zì 。
1,http://s3contents.chinesepod.com/0239/3ef68c755fdf9db6c4ef597bf9b3c18e9ccbb536/mp3/64/rec-1210194154640-15.mp3,What does it mean?,什么意思？,shénme yìsi ？
1,http://s3contents.chinesepod.com/0239/3ef68c755fdf9db6c4ef597bf9b3c18e9ccbb536/mp3/64/rec-1210194154640-3.mp3,It means “good fortune.”,是good fortune的意思。,shì good    fortune de yìsi 。
1,http://s3contents.chinesepod.com/0242/145fc5d0b76601a6234ec7cb98dc3dadd9b84bcd/mp3/64/rec-1219283442203-0.mp3,Hello?  Hi.,喂，你好。,wèi ， nǐhǎo 。
1,http://s3contents.chinesepod.com/0242/145fc5d0b76601a6234ec7cb98dc3dadd9b84bcd/mp3/64/rec-1219283442203-1.mp3,Hi.  We need toilet paper.,你好。我们需要卫生纸。,nǐhǎo 。 wǒmen xūyào wèishēngzhǐ 。
1,http://s3contents.chinesepod.com/0242/145fc5d0b76601a6234ec7cb98dc3dadd9b84bcd/mp3/64/rec-1219283442203-2.mp3,"OK, we’ll send it right over.",好的，我们马上送过去。,hǎo de ， wǒmen mǎshàng sòng guòqù 。
1,http://s3contents.chinesepod.com/0242/145fc5d0b76601a6234ec7cb98dc3dadd9b84bcd/mp3/64/rec-1219283442203-3.mp3,Thank you.,谢谢。,xièxie 。
1,http://s3contents.chinesepod.com/0247/f987b84412fe45c93ecbdee524a40d1ffa5803e7/mp3/64/rec-1216746707156-0.mp3,the Olympics,奥运会,àoyùnhùi
1,http://s3contents.chinesepod.com/0247/f987b84412fe45c93ecbdee524a40d1ffa5803e7/mp3/64/rec-1216746707156-1.mp3,competition,比赛,bǐsài
1,http://s3contents.chinesepod.com/0247/f987b84412fe45c93ecbdee524a40d1ffa5803e7/mp3/64/rec-1216746707156-2.mp3,athlete,运动员,yùndòngyuán
1,http://s3contents.chinesepod.com/0247/f987b84412fe45c93ecbdee524a40d1ffa5803e7/mp3/64/rec-1216746707156-3.mp3,I love the Olympics.,我爱奥运会。,wǒ ài àoyùnhùi 。
1,http://s3contents.chinesepod.com/0247/f987b84412fe45c93ecbdee524a40d1ffa5803e7/mp3/64/rec-1216746707156-4.mp3,I love watching the Olympics.,我爱看奥运会。,wǒ ài kàn àoyùnhùi 。
1,http://s3contents.chinesepod.com/0257/ced995d41cf4e4a3333c66e1ace5d3739e8fe76c/mp3/64/rec-1210194665156-8.mp3,What time is it right now?,现在几点？,xiànzài jǐdiǎn ？
1,http://s3contents.chinesepod.com/0257/ced995d41cf4e4a3333c66e1ace5d3739e8fe76c/mp3/64/rec-1210194665156-2.mp3,I’m hungry.,我饿了。,wǒ è le 。
1,http://s3contents.chinesepod.com/0257/ced995d41cf4e4a3333c66e1ace5d3739e8fe76c/mp3/64/rec-1210194665156-3.mp3,I’m not hungry.,我不饿。,wǒ bù è 。
1,http://s3contents.chinesepod.com/0263/2760dffd6b21c0b967f0b44fb519bdd504c75c56/mp3/64/rec-1218479705828-0.mp3,Ouch!,啊哟！,āyō ！
1,http://s3contents.chinesepod.com/0263/2760dffd6b21c0b967f0b44fb519bdd504c75c56/mp3/64/rec-1218479705828-2.mp3,I have a toothache.  Ouch!,我牙疼。啊哟！,wǒ yá téng 。 āyō ！
1,http://s3contents.chinesepod.com/0263/2760dffd6b21c0b967f0b44fb519bdd504c75c56/mp3/64/rec-1218479705828-3.mp3,Let me have a look.,让我看看。,ràng wǒ kànkan 。
1,http://s3contents.chinesepod.com/0268/f2fa076464ba138f7bef29b3195a0f2895de1be9/mp3/64/rec-1218485680390-0.mp3,"Excuse me, where is the garbage can?",请问垃圾桶在哪里？,qǐng wèn lājītǒng zài nǎli ？
1,http://s3contents.chinesepod.com/0268/f2fa076464ba138f7bef29b3195a0f2895de1be9/mp3/64/rec-1218485680390-1.mp3,It’s in the front.,在前面。,zài qiánmiàn 。
1,http://s3contents.chinesepod.com/0268/f2fa076464ba138f7bef29b3195a0f2895de1be9/mp3/64/rec-1218485680390-2.mp3,Thanks.,谢谢。,xièxie 。
1,http://s3contents.chinesepod.com/0277/50b3456d6825ac86cf2b1e004e8d9d2450c7a92c/mp3/64/rec-1218488117562-0.mp3,I would like to drink tea.,我想喝茶。,wǒ xiǎng hēchá 。
1,http://s3contents.chinesepod.com/0281/31700b8bb4330bcc65a88d075ca5c62b4ce8b4b7/mp3/64/rec-1210195007015-0.mp3,"Excuse me, miss, where are the feminine napkins?",小姐，请问，卫生巾在哪里？,xiǎojie ， qǐng wèn ， wèishēngjīn zài nǎli ？
1,http://s3contents.chinesepod.com/0281/31700b8bb4330bcc65a88d075ca5c62b4ce8b4b7/mp3/64/rec-1210195007015-1.mp3,Over here.,在这里。,zài zhèli 。
1,http://s3contents.chinesepod.com/0281/31700b8bb4330bcc65a88d075ca5c62b4ce8b4b7/mp3/64/rec-1210195007015-2.mp3,Is this brand good?,这个牌子好吗？,zhège páizi hǎo ma ？
1,http://s3contents.chinesepod.com/0281/31700b8bb4330bcc65a88d075ca5c62b4ce8b4b7/mp3/64/rec-1210195007015-3.mp3,It’s pretty good.,不错。,bùcuò 。
1,http://s3contents.chinesepod.com/0286/7e6c2bae216c31830f09e95fe54c45f1eecde170/mp3/64/rec-1218490970406-0.mp3,Are you cold?,你冷不冷？,nǐ lěng bu lěng ？
1,http://s3contents.chinesepod.com/0286/7e6c2bae216c31830f09e95fe54c45f1eecde170/mp3/64/rec-1218490970406-1.mp3,I’m OK. Are you?,我还好。你呢？,wǒ hái hǎo 。 nǐ ne ？
1,http://s3contents.chinesepod.com/0286/7e6c2bae216c31830f09e95fe54c45f1eecde170/mp3/64/rec-1218490970406-2.mp3,I’m a little cold.,我有一点冷。,wǒ yǒu yīdiǎn lěng 。
1,http://s3contents.chinesepod.com/0286/7e6c2bae216c31830f09e95fe54c45f1eecde170/mp3/64/rec-1218490970406-3.mp3,Then let’s go home.,那，我们回家吧。,nà ， wǒmen húijiā ba 。
1,http://s3contents.chinesepod.com/0290/ebacbebe57c7aca05db8c68809dd0feaccae508c/mp3/64/rec-1218492184078-0.mp3,"Driver, stop here.",师傅，在这儿停车。,shīfu ， zài zhèr tíngchē 。
1,http://s3contents.chinesepod.com/0290/ebacbebe57c7aca05db8c68809dd0feaccae508c/mp3/64/rec-1218492184078-1.mp3,Where?,哪里？,nǎli ？
1,http://s3contents.chinesepod.com/0290/ebacbebe57c7aca05db8c68809dd0feaccae508c/mp3/64/rec-1218492184078-2.mp3,On the side of the road is fine.,靠边停就可以了。,kàobiān tíng jìu kěyǐ le 。
1,http://s3contents.chinesepod.com/0290/ebacbebe57c7aca05db8c68809dd0feaccae508c/mp3/64/rec-1218492184078-3.mp3,"OK, no problem.",好的，没问题。,hǎo de ， méiwèntí 。
1,http://s3contents.chinesepod.com/0296/180f126b75f83c0712adc21634d03001a196ce71/mp3/64/rec-1218495295828-0.mp3,"Hi, can I get some change?",你好，可以换零钱吗？,nǐhǎo ， kěyǐ huàn língqián ma ？
1,http://s3contents.chinesepod.com/0296/180f126b75f83c0712adc21634d03001a196ce71/mp3/64/rec-1218495295828-1.mp3,Sure. how much do you want to change?,可以。你要换多少钱？,kěyǐ 。 nǐ yào huàn duōshǎo qián ？
1,http://s3contents.chinesepod.com/0296/180f126b75f83c0712adc21634d03001a196ce71/mp3/64/rec-1218495295828-2.mp3,One hundred yuan.,一百块钱。,yībǎi kuài qián 。
1,http://s3contents.chinesepod.com/0296/180f126b75f83c0712adc21634d03001a196ce71/mp3/64/rec-1218495295828-3.mp3,No problem.,没问题。,méiwèntí 。
1,http://s3contents.chinesepod.com/0301/685ce845ab0888784dda337f94c1700f055f2009/mp3/64/rec-1218562868656-0.mp3,Knock on the door,敲门,qiāomén
1,http://s3contents.chinesepod.com/0301/685ce845ab0888784dda337f94c1700f055f2009/mp3/64/rec-1218562868656-1.mp3,Open the door,开门,kāimén
1,http://s3contents.chinesepod.com/0301/685ce845ab0888784dda337f94c1700f055f2009/mp3/64/rec-1218562868656-2.mp3,Go in,进去,jìnqù
1,http://s3contents.chinesepod.com/0301/685ce845ab0888784dda337f94c1700f055f2009/mp3/64/rec-1218562868656-3.mp3,Close the door,关门,guānmén
1,http://s3contents.chinesepod.com/0304/b7f55819c38877db63fa4eae6cdebd7bd48ae794/mp3/64/rec-1218565987937-0.mp3,Where are you going?,你去哪儿？,nǐ qù nǎr ？
1,http://s3contents.chinesepod.com/0304/b7f55819c38877db63fa4eae6cdebd7bd48ae794/mp3/64/rec-1218565987937-1.mp3,I’m going to play cards.  Do you know how to play cards?,我去打牌。你会打牌吗？,wǒ qù dǎpái 。 nǐ hùi dǎpái ma ？
1,http://s3contents.chinesepod.com/0304/b7f55819c38877db63fa4eae6cdebd7bd48ae794/mp3/64/rec-1218565987937-2.mp3,Of course I do.,当然会。,dāngrán hùi 。
1,http://s3contents.chinesepod.com/0304/b7f55819c38877db63fa4eae6cdebd7bd48ae794/mp3/64/rec-1218565987937-3.mp3,Then let’s go together!,那一起去吧！,nà yīqǐ qù ba ！
1,http://s3contents.chinesepod.com/0308/f56bcdcd26bb4d01d454347fbb6f8276dc21a99f/mp3/64/rec-1218566885031-0.mp3,Is anyone there?,有人吗？,yǒu rén ma ？
1,http://s3contents.chinesepod.com/0308/f56bcdcd26bb4d01d454347fbb6f8276dc21a99f/mp3/64/rec-1218566885031-1.mp3,"Oh, you’re here!",噢，你来了！,ō ， nǐ lái le ！
1,http://s3contents.chinesepod.com/0308/f56bcdcd26bb4d01d454347fbb6f8276dc21a99f/mp3/64/rec-1218566885031-3.mp3,It’s OK. Come in.,没关系！请进。,méi guānxi ！ qǐng jìn 。
1,http://s3contents.chinesepod.com/0311/7d6b31bf8ea6939f38c2a14dd48eee9243a9f554/mp3/64/rec-1218523094859-0.mp3,Hey!,嘿！,hēi ！
1,http://s3contents.chinesepod.com/0311/7d6b31bf8ea6939f38c2a14dd48eee9243a9f554/mp3/64/rec-1218523094859-1.mp3,Ah! Who is it?,啊！是谁？,à ！ shì shéi ？
1,http://s3contents.chinesepod.com/0311/7d6b31bf8ea6939f38c2a14dd48eee9243a9f554/mp3/64/rec-1218523094859-3.mp3,You scared me to death!,你吓死我了！,nǐ xià sǐ wǒ le ！
1,http://s3contents.chinesepod.com/0311/7d6b31bf8ea6939f38c2a14dd48eee9243a9f554/mp3/64/rec-1218523094859-5.mp3,It’s OK.,没关系。,méiguānxi 。
1,http://s3contents.chinesepod.com/0316/335276bddf421e6c7c155b0fbad0f4909eb21f85/mp3/64/rec-1218579248156-0.mp3,I’m thirsty.,我口渴了。,wǒ kǒukě le 。
1,http://s3contents.chinesepod.com/0316/335276bddf421e6c7c155b0fbad0f4909eb21f85/mp3/64/rec-1218579248156-1.mp3,Do you want some orange juice?,你要喝橙汁吗？,nǐ yào hē chéngzhī ma ？
1,http://s3contents.chinesepod.com/0316/335276bddf421e6c7c155b0fbad0f4909eb21f85/mp3/64/rec-1218579248156-2.mp3,I’d like some water.,我想喝水。,wǒ xiǎng hē shǔi 。
1,http://s3contents.chinesepod.com/0316/335276bddf421e6c7c155b0fbad0f4909eb21f85/mp3/64/rec-1218579248156-3.mp3,Then I can’t help you.,那没办法。,nà méi bànfa 。
1,http://s3contents.chinesepod.com/0323/0dceed59a98de6a8de3662019ec8730451675edb/mp3/64/rec-1218596664234-0.mp3,Wait a little while.,等一等。,děng yi děng 。
1,http://s3contents.chinesepod.com/0323/0dceed59a98de6a8de3662019ec8730451675edb/mp3/64/rec-1218596664234-1.mp3,Stand up.,站起来。,zhàn qǐlai 。
1,http://s3contents.chinesepod.com/0323/0dceed59a98de6a8de3662019ec8730451675edb/mp3/64/rec-1218596664234-2.mp3,Walk around.,走一走。,zǒu yi zǒu 。
1,http://s3contents.chinesepod.com/0323/0dceed59a98de6a8de3662019ec8730451675edb/mp3/64/rec-1218596664234-3.mp3,Have a look.,看一看。,kàn yi kàn 。
1,http://s3contents.chinesepod.com/0329/7ebd2988021585641cf569c695bda96422bb6546/mp3/64/rec-1216055534312-2.mp3,Is this your glass?,这是你的杯子吗？,zhè shì nǐ de bēizi ma ？
1,http://s3contents.chinesepod.com/0329/7ebd2988021585641cf569c695bda96422bb6546/mp3/64/rec-1216055534312-1.mp3,"No, this isn’t mine.",不是，这个不是我的。,bù shì ， zhège bù shì wǒ de 。
1,http://s3contents.chinesepod.com/0329/7ebd2988021585641cf569c695bda96422bb6546/mp3/64/rec-1216055534312-2.mp3,Is this your glass?,这是你的杯子吗？,zhè shì nǐ de bēizi ma ？
1,http://s3contents.chinesepod.com/0329/7ebd2988021585641cf569c695bda96422bb6546/mp3/64/rec-1216055534312-3.mp3,"Yes, this is mine.",是的，这个是我的。,shìde ， zhège shì wǒ de 。
